time,tank,treatment,day,date,chlorophyll,metsch,chaoborus,host density per L,total density per tank,chlorophyllperhost,chloroln,chlorolog,arcchlorohost,chlorohostln,chlorohostlog
1,1,MLC,Monday,1/07/2019,2.98,metsch,0.1,56,2800,0.001064286,1.091923301,0.474216264,0.001064286,-6.845451127,-2.972941651
1,2,NMLC,Monday,1/07/2019,2.21,no metsch,0.1,76,3800,0.000581579,0.792992516,0.344392274,0.000581579,-7.44976374,-3.235391284
1,3,NMLC,Monday,1/07/2019,1.85,no metsch,0.1,59,2950,0.000627119,0.615185639,0.267171728,0.000627119,-7.374374243,-3.202650041
1,4,NMHC,Monday,1/07/2019,3.74,no metsch,1,55,2750,0.00136,1.319085611,0.572871602,0.00136,-6.600270579,-2.866461092
1,5,NMHC,Monday,1/07/2019,2.46,no metsch,1,9,450,0.005466667,0.90016135,0.390935107,0.005466694,-5.209086172,-2.26227738
1,6,NMHC,Monday,1/07/2019,7.21,no metsch,1,91,4550,0.001584615,1.975468951,0.857935265,0.001584616,-6.447413803,-2.800076237
1,7,M-C,Monday,1/07/2019,2.29,metsch,0,52,2600,0.000880769,0.828551818,0.359835482,0.000880769,-7.034715168,-3.055137979
1,8,M-C,Monday,1/07/2019,3.68,metsch,0,166,8300,0.000443373,1.302912752,0.565847819,0.000443373,-7.721099156,-3.353230758
1,9,M-C,Monday,1/07/2019,4.37,metsch,0,30,1500,0.002913333,1.474763009,0.640481437,0.002913337,-5.838457492,-2.535609872
1,10,MHC,Monday,1/07/2019,7.71,metsch,1,40,2000,0.003855,2.042518188,0.887054378,0.00385501,-5.558384272,-2.413975618
1,11,MHC,Monday,1/07/2019,4.04,metsch,1,6,300,0.013466667,1.396244692,0.606381365,0.013467074,-4.307537758,-1.870739879
1,12,MHC,Monday,1/07/2019,5.34,metsch,1,35,1750,0.003051429,1.675225653,0.727541257,0.003051434,-5.792145273,-2.515496731
1,13,NM-C,Monday,1/07/2019,5.54,no metsch,0,87,4350,0.001273563,1.711994501,0.743509765,0.001273563,-6.665936795,-2.894979567
1,14,NM-C,Monday,1/07/2019,4.06,no metsch,0,82,4100,0.000990244,1.401182974,0.608526034,0.000990244,-6.917559181,-3.00425778
1,15,NM-C,Monday,1/07/2019,3.18,no metsch,0,63,3150,0.001009524,1.156881197,0.50242712,0.001009524,-6.898276346,-2.995883352
1,16,MMC,Monday,1/07/2019,2.68,metsch,0.5,71,3550,0.00075493,0.985816795,0.428134794,0.00075493,-7.188885528,-3.122093316
1,17,MMC,Monday,1/07/2019,3.04,metsch,0.5,15,750,0.004053333,1.111857515,0.482873584,0.004053344,-5.508215773,-2.392187715
1,18,MMC,Monday,1/07/2019,2.92,metsch,0.5,50,2500,0.001168,1.071583616,0.465382851,0.001168,-6.752462395,-2.932557157
1,19,NMMC,Monday,1/07/2019,1.96,no metsch,0.5,52,2600,0.000753846,0.672944473,0.292256071,0.000753846,-7.190322455,-3.122717365
1,20,NMMC,Monday,1/07/2019,5.96,no metsch,0.5,44,2200,0.002709091,1.785070481,0.77524626,0.002709094,-5.911142125,-2.567176407
1,21,NMMC,Monday,1/07/2019,1.97,no metsch,0.5,38,1900,0.001036842,0.678033543,0.294466226,0.001036842,-6.871575724,-2.984287419
1,23,MLC,Monday,1/07/2019,2.76,metsch,0.1,84,4200,0.000657143,1.01523068,0.440909082,0.000657143,-7.327608907,-3.182340114
1,24,MLC,Monday,1/07/2019,2.4,metsch,0.1,39,1950,0.001230769,0.875468737,0.380211242,0.001230769,-6.700116102,-2.909823451
1,27,NMMC,Thursday,4/07/2019,3.29,no metsch,0.5,42,2100,0.001566667,1.190887565,0.517195898,0.001566668,-6.458804846,-2.805023304
1,28,NMMC,Thursday,4/07/2019,2.99,no metsch,0.5,53,2650,0.001128302,1.095273387,0.475671188,0.001128302,-6.787041431,-2.947574642
1,29,NMMC,Thursday,4/07/2019,3.76,no metsch,0.5,59,2950,0.001274576,1.324418957,0.575187845,0.001274576,-6.665141705,-2.894634263
1,30,MLC,Thursday,4/07/2019,2.26,metsch,0.1,119,5950,0.000379832,0.815364813,0.354108439,0.000379832,-7.875781508,-3.42040845
1,31,MLC,Thursday,4/07/2019,4.14,metsch,0.1,123,6150,0.000673171,1.420695788,0.617000341,0.000673171,-7.303511174,-3.171874602
1,32,MLC,Thursday,4/07/2019,0.86,metsch,0.1,85,4250,0.000202353,-0.15082289,-0.065501549,0.000202353,-8.505496861,-3.693890353
1,35,NM-C,Thursday,4/07/2019,0.55,no metsch,0,64,3200,0.000171875,-0.597837001,-0.259637311,0.000171875,-8.66874309,-3.764787289
1,36,NM-C,Thursday,4/07/2019,0.51,no metsch,0,64,3200,0.000159375,-0.673344553,-0.292429824,0.000159375,-8.744250642,-3.797579802
1,37,NM-C,Thursday,4/07/2019,0.8,no metsch,0,100,5000,0.00016,-0.223143551,-0.096910013,0.00016,-8.740336743,-3.795880017
1,38,MMC,Thursday,4/07/2019,3.03,metsch,0.5,40,2000,0.001515,1.10856262,0.481442629,0.001515001,-6.49233984,-2.819587367
1,39,MMC,Thursday,4/07/2019,11.09,metsch,0.5,7,350,0.031685714,2.406043801,1.044931546,0.031691018,-3.451889362,-1.499136502
1,40,MMC,Thursday,4/07/2019,4.87,metsch,0.5,17,850,0.005729412,1.583093937,0.687528961,0.005729443,-5.162142371,-2.241889947
1,41,NMHC,Thursday,4/07/2019,17.05,no metsch,1,6,300,0.056833333,2.836150204,1.231724383,0.056863973,-2.867632277,-1.245396874
1,42,NMHC,Thursday,4/07/2019,22.78,no metsch,1,14,700,0.032542857,3.125882958,1.35755372,0.032548604,-3.425197381,-1.487544322
1,43,NMHC,Thursday,4/07/2019,17.47,no metsch,1,3,150,0.116466667,2.860485124,1.242292905,0.116731589,-2.150150167,-0.933798353
1,44,M-C,Thursday,4/07/2019,2.11,metsch,0,32,1600,0.00131875,0.746687947,0.324282455,0.00131875,-6.631070961,-2.879837527
1,45,M-C,Thursday,4/07/2019,0.92,metsch,0,27,1350,0.000681481,-0.083381609,-0.036212173,0.000681481,-7.291242187,-3.166546248
1,46,M-C,Thursday,4/07/2019,1.58,metsch,0,56,2800,0.000564286,0.457424847,0.198657087,0.000564286,-7.479949343,-3.248500724
1,47,NMLC,Thursday,4/07/2019,0.45,no metsch,0.1,26,1300,0.000346154,-0.798507696,-0.346787486,0.000346154,-7.968626795,-3.460730646
1,48,NMLC,Thursday,4/07/2019,6.06,no metsch,0.1,25,1250,0.004848,1.8017098,0.782472624,0.004848019,-5.32918903,-2.314437389
1,49,NMLC,Thursday,4/07/2019,6.95,no metsch,0.1,28,1400,0.004964286,1.93874166,0.841984805,0.004964306,-5.305485798,-2.304143206
1,50,MHC,Thursday,4/07/2019,16.12,metsch,1,3,150,0.107466667,2.780060737,1.207365037,0.107674606,-2.230574554,-0.96872622
1,51,MHC,Thursday,4/07/2019,7.76,metsch,1,1,50,0.1552,2.048982334,0.889861721,0.155829903,-1.863040671,-0.809108283
1,52,MHC,Thursday,4/07/2019,4.7,metsch,1,1,50,0.094,1.547562509,0.672097858,0.094138984,-2.364460497,-1.026872146
2,1,MLC,Monday,8/07/2019,1.39,metsch,0.1,32,1600,0.00086875,0.329303747,0.1430148,0.00086875,-7.048455161,-3.061105182
2,2,NMLC,Monday,8/07/2019,3.54,no metsch,0.1,33,1650,0.002145455,1.264126727,0.549003262,0.002145457,-6.144403628,-2.66848059
2,3,NMLC,Monday,8/07/2019,1.61,no metsch,0.1,38,1900,0.000847368,0.476234179,0.206825876,0.000847368,-7.073375483,-3.071927941
2,4,NMHC,Monday,8/07/2019,16.43,no metsch,1,3,150,0.109533333,2.799108932,1.215637563,0.109753546,-2.211526365,-0.960453697
2,5,NMHC,Monday,8/07/2019,20.45,no metsch,1,1,50,0.409,3.017982882,1.310693312,0.421357944,-0.894040123,-0.388276692
2,6,NMHC,Monday,8/07/2019,12.58,no metsch,1,2,100,0.1258,2.532108251,1.099680641,0.126134196,-2.073061935,-0.900319359
2,7,M-C,Monday,8/07/2019,3.19,metsch,0,5,250,0.01276,1.160020917,0.503790683,0.012760346,-4.361440001,-1.894149326
2,8,M-C,Monday,8/07/2019,1.34,metsch,0,36,1800,0.000744444,0.292669614,0.127104798,0.000744444,-7.202872927,-3.128167966
2,9,M-C,Monday,8/07/2019,3.03,metsch,0,50,2500,0.001212,1.10856262,0.481442629,0.001212,-6.715483391,-2.91649738
2,10,MHC,Monday,8/07/2019,25.75,metsch,1,1,50,0.515,3.248434627,1.410777233,0.541007649,-0.663588378,-0.288192771
2,13,NM-C,Monday,8/07/2019,2.58,no metsch,0,69,3450,0.000747826,0.947789399,0.411619706,0.000747826,-7.198340227,-3.12619944
2,14,NM-C,Monday,8/07/2019,3.33,no metsch,0,16,800,0.0041625,1.202972304,0.522444234,0.004162512,-5.481639424,-2.380645753
2,15,NM-C,Monday,8/07/2019,0.81,no metsch,0,21,1050,0.000771429,-0.210721031,-0.091514981,0.000771429,-7.167265919,-3.112704039
2,16,MMC,Monday,8/07/2019,10.07,metsch,0.5,48,2400,0.004195833,2.309560707,1.003029471,0.004195845,-5.473663389,-2.377181806
2,17,MMC,Monday,8/07/2019,8.71,metsch,0.5,11,550,0.015836364,2.164471791,0.940018155,0.015837026,-4.145446464,-1.800344525
2,18,MMC,Monday,8/07/2019,10.3,metsch,0.5,21,1050,0.009809524,2.332143895,1.012837225,0.009809681,-4.624401528,-2.008352066
2,19,NMMC,Monday,8/07/2019,4.48,no metsch,0.5,16,800,0.0056,1.499623046,0.651278014,0.005600029,-5.184988681,-2.251811973
2,20,NMMC,Monday,8/07/2019,10.57,no metsch,0.5,16,800,0.0132125,2.3580198,1.024074987,0.013212884,-4.326591928,-1.879015
2,21,NMMC,Monday,8/07/2019,2.12,no metsch,0.5,48,2400,0.000883333,0.751416089,0.326335861,0.000883333,-7.031808305,-3.053875545
2,23,MLC,Monday,8/07/2019,2.92,metsch,0.1,57,2850,0.001024561,1.071583616,0.465382851,0.001024561,-6.883491051,-2.98946218
2,24,MLC,Monday,8/07/2019,1.67,metsch,0.1,20,1000,0.00167,0.512823626,0.222716471,0.001670001,-6.394931653,-2.777283529
2,27,NMMC,Thursday,11/07/2019,0.74,no metsch,0.5,38,1900,0.000389474,-0.301105093,-0.13076828,0.000389474,-7.850713447,-3.409521529
2,28,NMMC,Thursday,11/07/2019,3.03,no metsch,0.5,35,1750,0.001731429,1.10856262,0.481442629,0.00173143,-6.3588082,-2.761595313
2,29,NMMC,Thursday,11/07/2019,3.96,no metsch,0.5,17,850,0.004658824,1.376244025,0.597695186,0.004658841,-5.368992223,-2.331723696
2,30,MLC,Thursday,11/07/2019,1.29,metsch,0.1,49,2450,0.000526531,0.254642218,0.11058971,0.000526531,-7.549200349,-3.278576054
2,31,MLC,Thursday,11/07/2019,21.4,metsch,0.1,49,2450,0.008734694,3.063390922,1.330413773,0.008734805,-4.740452367,-2.058752305
2,32,MLC,Thursday,11/07/2019,4.02,metsch,0.1,6,300,0.0134,1.391281903,0.604226053,0.013400401,-4.312500572,-1.872895202
2,35,NM-C,Thursday,11/07/2019,1.8,no metsch,0,30,1500,0.0012,0.587786665,0.255272505,0.0012,-6.725433722,-2.920818754
2,36,NM-C,Thursday,11/07/2019,1.86,no metsch,0,32,1600,0.0011625,0.620576488,0.269512944,0.0011625,-6.757182421,-2.934607038
2,37,NM-C,Thursday,11/07/2019,2.29,no metsch,0,38,1900,0.001205263,0.828551818,0.359835482,0.001205263,-6.721057479,-2.918918176
2,38,MMC,Thursday,11/07/2019,3.59,metsch,0.5,46,2300,0.00156087,1.278152203,0.555094449,0.001560871,-6.462511921,-2.806633266
2,39,MMC,Thursday,11/07/2019,9.47,metsch,0.5,32,1600,0.00591875,2.248128907,0.976349979,0.005918785,-5.129630001,-2.227770004
2,40,MMC,Thursday,11/07/2019,5.34,metsch,0.5,13,650,0.008215385,1.675225653,0.727541257,0.008215477,-4.801746663,-2.085372079
2,41,NMHC,Thursday,11/07/2019,15.57,no metsch,1,2,100,0.1557,2.745345986,1.192288613,0.156336056,-1.8598242,-0.807711387
2,42,NMHC,Thursday,11/07/2019,18.38,no metsch,1,3,150,0.122533333,2.911263117,1.264345507,0.122842051,-2.09937218,-0.911745753
2,44,M-C,Thursday,11/07/2019,6.88,metsch,0,22,1100,0.006254545,1.928618652,0.837588438,0.006254586,-5.07444688,-2.203804278
2,45,M-C,Thursday,11/07/2019,1.86,metsch,0,35,1750,0.001062857,0.620576488,0.269512944,0.001062857,-6.846794714,-2.973525163
2,46,M-C,Thursday,11/07/2019,0.9,metsch,0,14,700,0.001285714,-0.105360516,-0.045757491,0.001285714,-6.656441073,-2.890855627
2,47,NMLC,Thursday,11/07/2019,1.39,no metsch,0.1,14,700,0.001985714,0.329303747,0.1430148,0.001985715,-6.221776732,-2.702083302
2,48,NMLC,Thursday,11/07/2019,12.4,no metsch,0.1,10,500,0.0248,2.517696473,1.093421685,0.024802543,-3.696911626,-1.605548319
2,49,NMLC,Thursday,11/07/2019,4.77,no metsch,0.1,34,1700,0.002805882,1.562346305,0.678518379,0.002805886,-5.876037351,-2.551930597
2,50,MHC,Thursday,11/07/2019,8.12,metsch,1,1,50,0.1624,2.094330154,0.909556029,0.163122457,-1.817692851,-0.789413975
3,1,MLC,Monday,15/07/2019,2.19,metsch,0.1,33.5,1675,0.001307463,0.783901544,0.340444115,0.001307463,-6.639666661,-2.883570592
3,2,NMLC,Monday,15/07/2019,5.14,no metsch,0.1,36.5,1825,0.002816438,1.637053079,0.710963119,0.002816442,-5.872282313,-2.550299805
3,3,NMLC,Monday,15/07/2019,1.85,no metsch,0.1,45.5,2275,0.000813187,0.615185639,0.267171728,0.000813187,-7.114549463,-3.089809573
3,5,NMHC,Monday,15/07/2019,2.42,no metsch,1,4,200,0.0121,0.88376754,0.383815366,0.012100295,-4.414549826,-1.91721463
3,6,NMHC,Monday,15/07/2019,2.35,no metsch,1,2,100,0.0235,0.854415328,0.371067862,0.023502164,-3.750754858,-1.628932138
3,7,M-C,Monday,15/07/2019,14.14,metsch,0,67,3350,0.004220896,2.64900766,1.150449409,0.004220909,-5.467707851,-2.374595348
3,8,M-C,Monday,15/07/2019,2.94,metsch,0,56,2800,0.00105,1.078409581,0.46834733,0.00105,-6.858965115,-2.978810701
3,9,M-C,Monday,15/07/2019,7.65,metsch,0,25,1250,0.00612,2.034705648,0.883661435,0.006120038,-5.096193182,-2.213248578
3,10,MHC,Monday,15/07/2019,3.86,metsch,1,0.5,25,0.1544,1.350667183,0.586587305,0.155020142,-1.868208641,-0.811352704
3,13,NM-C,Monday,15/07/2019,24.51,no metsch,0,56,2800,0.008753571,3.199081198,1.389343311,0.008753683,-4.738293548,-2.057814741
3,14,NM-C,Monday,15/07/2019,4.78,no metsch,0,71.5,3575,0.001337063,1.564440547,0.679427897,0.001337063,-6.617279862,-2.873848129
3,15,NM-C,Monday,15/07/2019,1.67,no metsch,0,53,2650,0.000630189,0.512823626,0.222716471,0.000630189,-7.369490784,-3.200529182
3,16,MMC,Monday,15/07/2019,1.15,metsch,0.5,28.5,1425,0.000807018,0.139761942,0.06069784,0.000807018,-7.122164585,-3.093116779
3,17,MMC,Monday,15/07/2019,1.12,metsch,0.5,30,1500,0.000746667,0.113328685,0.049218023,0.000746667,-7.199891255,-3.126873043
3,18,MMC,Monday,15/07/2019,11.54,metsch,0.5,64,3200,0.00360625,2.445819261,1.062205809,0.003606258,-5.625086828,-2.44294417
3,19,NMMC,Monday,15/07/2019,2.97,no metsch,0.5,35.5,1775,0.001673239,1.088561953,0.472756449,0.00167324,-6.39299401,-2.776442021
3,20,NMMC,Monday,15/07/2019,4.79,no metsch,0.5,23.5,1175,0.004076596,1.566530411,0.680335513,0.004076607,-5.502492953,-2.389702326
3,21,NMMC,Monday,15/07/2019,1.51,no metsch,0.5,64,3200,0.000471875,0.412109651,0.178976947,0.000471875,-7.658796438,-3.326173031
3,23,MLC,Monday,15/07/2019,4.53,metsch,0.1,43,2150,0.002106977,1.510721939,0.656098202,0.002106979,-6.16250106,-2.676340205
3,24,MLC,Monday,15/07/2019,33.85,metsch,0.1,52,2600,0.013019231,3.521938999,1.529558673,0.013019599,-4.341327707,-1.885414667
3,27,NMMC,Thursday,18/07/2019,0.36,no metsch,0.5,36,1800,0.0002,-1.021651248,-0.443697499,0.0002,-8.517193191,-3.698970004
3,28,NMMC,Thursday,18/07/2019,1.66,no metsch,0.5,66.5,3325,0.000499248,0.506817602,0.220108088,0.000499248,-7.602407592,-3.301683666
3,29,NMMC,Thursday,18/07/2019,0.35,no metsch,0.5,43.5,2175,0.00016092,-1.049822124,-0.455931956,0.00016092,-8.734603211,-3.793389976
3,30,MLC,Thursday,18/07/2019,0.84,metsch,0.1,35.5,1775,0.000473239,-0.174353387,-0.075720714,0.000473239,-7.655910012,-3.324919472
3,31,MLC,Thursday,18/07/2019,3.64,metsch,0.1,47,2350,0.001548936,1.291983682,0.561101384,0.001548937,-6.470187035,-2.809966526
3,32,MLC,Thursday,18/07/2019,10.27,metsch,0.1,46,2300,0.004465217,2.329227024,1.011570444,0.004465232,-5.411437466,-2.35015743
3,35,NM-C,Thursday,18/07/2019,0.89,no metsch,0,112,5600,0.000158929,-0.116533816,-0.050609993,0.000158929,-8.747052996,-3.798796849
3,36,NM-C,Thursday,18/07/2019,2.96,no metsch,0,66.5,3325,0.000890226,1.085189268,0.471291711,0.000890226,-7.024035195,-3.050499726
3,37,NM-C,Thursday,18/07/2019,1.06,no metsch,0,56,2800,0.000378571,0.058268908,0.025305865,0.000378571,-7.87910692,-3.421852658
3,38,MMC,Thursday,18/07/2019,3.98,metsch,0.5,50.5,2525,0.001576238,1.381281819,0.599883072,0.001576239,-6.452714284,-2.802378207
3,39,MMC,Thursday,18/07/2019,12.87,metsch,0.5,29,1450,0.008875862,2.554899022,1.109578547,0.008875979,-4.724419822,-2.051789459
3,40,MMC,Thursday,18/07/2019,2,metsch,0.5,73,3650,0.000547945,0.693147181,0.301029996,0.000547945,-7.509335641,-3.261263032
3,42,NMHC,Thursday,18/07/2019,2.38,no metsch,1,2,100,0.0238,0.867100488,0.376576957,0.023802247,-3.738069698,-1.623423043
3,44,M-C,Thursday,18/07/2019,6.73,metsch,0,28,1400,0.004807143,1.906575144,0.828015064,0.004807162,-5.337652342,-2.318112959
3,45,M-C,Thursday,18/07/2019,5.26,metsch,0,19,950,0.005536842,1.660131027,0.720985744,0.00553687,-5.196330977,-2.256737869
3,46,M-C,Thursday,18/07/2019,6.01,metsch,0,30,1500,0.004006667,1.793424749,0.778874472,0.004006678,-5.519795555,-2.397216751
3,47,NMLC,Thursday,18/07/2019,7.58,no metsch,0.1,39,1950,0.003887179,2.0255132,0.879669206,0.003887189,-5.550071577,-2.41036546
3,48,NMLC,Thursday,18/07/2019,6.55,no metsch,0.1,13.5,675,0.009703704,1.87946505,0.8162413,0.009703856,-4.635247611,-2.01306246
3,49,NMLC,Thursday,18/07/2019,2.84,no metsch,0.1,69,3450,0.000823188,1.043804052,0.45331834,0.000823188,-7.102325951,-3.084500969
3,51,MHC,Thursday,18/07/2019,6.56,metsch,1,0.5,25,0.2624,1.880990603,0.816903839,0.265508517,-1.337885222,-0.581036169
3,52,MHC,Thursday,18/07/2019,3.84,metsch,1,1.5,75,0.0512,1.345472367,0.584331224,0.051222396,-2.972015747,-1.290730039
4,1,MLC,Monday,22/07/2019,1.54,metsch,0.1,44,2200,0.0007,0.431782416,0.187520721,0.0007,-7.264430223,-3.15490196
4,2,NMLC,Monday,22/07/2019,1.02,no metsch,0.1,37,1850,0.000551351,0.019802627,0.008600172,0.000551351,-7.503138928,-3.258571833
4,3,NMLC,Monday,22/07/2019,7,no metsch,0.1,12,600,0.011666667,1.945910149,0.84509804,0.011666932,-4.451019478,-1.933053198
4,5,NMHC,Monday,22/07/2019,3.81,no metsch,1,10,500,0.00762,1.337629189,0.580924976,0.007620074,-4.876978909,-2.118045029
4,6,NMHC,Monday,22/07/2019,0.92,no metsch,1,4.5,225,0.004088889,-0.083381609,-0.036212173,0.0040889,-5.499481984,-2.388394679
4,7,M-C,Monday,22/07/2019,2.22,metsch,0,22.5,1125,0.001973333,0.797507196,0.346352974,0.001973334,-6.228031288,-2.704799621
4,8,M-C,Monday,22/07/2019,1,metsch,0,34,1700,0.000588235,0,0,0.000588235,-7.43838403,-3.230449139
4,9,M-C,Monday,22/07/2019,3.13,metsch,0,24.5,1225,0.002555102,1.141033005,0.495544338,0.002555105,-5.969663134,-2.592591758
4,13,NM-C,Monday,22/07/2019,6.87,no metsch,0,54.5,2725,0.002521101,1.927164106,0.836956737,0.002521104,-5.983059568,-2.598409755
4,14,NM-C,Monday,22/07/2019,5.53,no metsch,0,68.5,3425,0.001614599,1.710187816,0.742725131,0.0016146,-6.42866865,-2.791935321
4,15,NM-C,Monday,22/07/2019,6.34,no metsch,0,13.5,675,0.009392593,1.846878768,0.802089258,0.009392731,-4.667833879,-2.027214496
4,16,MMC,Monday,22/07/2019,1.57,metsch,0.5,25.5,1275,0.001231373,0.451075619,0.195899652,0.001231373,-6.699625472,-2.909610373
4,17,MMC,Monday,22/07/2019,2.99,metsch,0.5,27.5,1375,0.002174545,1.095273387,0.475671188,0.002174547,-6.130935832,-2.662631601
4,18,MMC,Monday,22/07/2019,1.79,metsch,0.5,5.5,275,0.006509091,0.58221562,0.252853031,0.006509137,-5.034555464,-2.186479657
4,19,NMMC,Monday,22/07/2019,15.94,no metsch,0.5,13,650,0.024523077,2.768831673,1.202488317,0.024525536,-3.708140686,-1.610425038
4,20,NMMC,Monday,22/07/2019,1.77,no metsch,0.5,51.5,2575,0.000687379,0.570979547,0.247973266,0.000687379,-7.282624744,-3.16280374
4,21,NMMC,Monday,22/07/2019,2.18,no metsch,0.5,92,4600,0.000473913,0.779324877,0.338456494,0.000473913,-7.654486797,-3.324301378
4,23,MLC,Monday,22/07/2019,9.26,metsch,0.1,26,1300,0.007123077,2.225704049,0.966610987,0.007123137,-4.944415484,-2.147332361
4,24,MLC,Monday,22/07/2019,3.74,metsch,0.1,65.5,3275,0.001141985,1.319085611,0.572871602,0.001141985,-6.774987303,-2.942339601
4,27,NMMC,Thursday,25/07/2019,1.26,no metsch,0.5,99,4950,0.000254545,0.231111721,0.100370545,0.000254545,-8.27603292,-3.594235429
4,28,NMMC,Thursday,25/07/2019,0.76,no metsch,0.5,66,3300,0.000230303,-0.274436846,-0.119186408,0.000230303,-8.376114725,-3.637700405
4,29,NMMC,Thursday,25/07/2019,0.76,no metsch,0.5,38,1900,0.0004,-0.274436846,-0.119186408,0.0004,-7.824046011,-3.397940009
4,30,MLC,Thursday,25/07/2019,0.62,metsch,0.1,67.5,3375,0.000183704,-0.478035801,-0.207608311,0.000183704,-8.602184791,-3.735881387
4,31,MLC,Thursday,25/07/2019,8.65,metsch,0.1,20.5,1025,0.008439024,2.157559321,0.937016107,0.008439124,-4.774888617,-2.073707778
4,32,MLC,Thursday,25/07/2019,8.76,metsch,0.1,32.5,1625,0.005390769,2.170195905,0.942504106,0.005390795,-5.223067233,-2.268349278
4,35,NM-C,Thursday,25/07/2019,1.39,no metsch,0,38,1900,0.000731579,0.329303747,0.1430148,0.000731579,-7.220305346,-3.135738769
4,36,NM-C,Thursday,25/07/2019,4.8,no metsch,0,29,1450,0.003310345,1.568615918,0.681241237,0.003310351,-5.710702865,-2.480126742
4,37,NM-C,Thursday,25/07/2019,2.41,no metsch,0,25,1250,0.001928,0.879626748,0.382017043,0.001928001,-6.251272083,-2.71489297
4,38,MMC,Thursday,25/07/2019,6.42,metsch,0.5,41,2050,0.003131707,1.859418118,0.807535028,0.003131712,-5.766177056,-2.504218877
4,39,MMC,Thursday,25/07/2019,5.42,metsch,0.5,6.5,325,0.016676923,1.690095815,0.733999287,0.016677696,-4.093729371,-1.777884076
4,40,MMC,Thursday,25/07/2019,2.39,metsch,0.5,56.5,2825,0.000846018,0.871293366,0.378397901,0.000846018,-7.074969922,-3.072620397
4,41,NMHC,Thursday,25/07/2019,5.99,no metsch,1,0.5,25,0.2396,1.790091412,0.777426822,0.241953829,-1.428784413,-0.620513186
4,42,NMHC,Thursday,25/07/2019,3.27,no metsch,1,1,50,0.0654,1.184789985,0.514547753,0.065446711,-2.727233021,-1.184422252
4,44,M-C,Thursday,25/07/2019,1.21,metsch,0,35.5,1775,0.00068169,0.19062036,0.08278537,0.00068169,-7.290935549,-3.166413077
4,45,M-C,Thursday,25/07/2019,5.43,metsch,0,21.5,1075,0.005051163,1.691939134,0.73479983,0.005051184,-5.288136765,-2.296608617
4,46,M-C,Thursday,25/07/2019,4.7,metsch,0,33,1650,0.002848485,1.547562509,0.672097858,0.002848489,-5.860968005,-2.545386063
4,47,NMLC,Thursday,25/07/2019,6.71,no metsch,0.1,32,1600,0.00419375,1.903598951,0.82672252,0.004193762,-5.474159957,-2.377397462
4,48,NMLC,Thursday,25/07/2019,5.28,no metsch,0.1,7.5,375,0.01408,1.663926098,0.722633923,0.014080465,-4.262999928,-1.851397345
4,49,NMLC,Thursday,25/07/2019,3.84,no metsch,0.1,87,4350,0.000882759,1.345472367,0.584331224,0.000882759,-7.032458328,-3.054157846
4,50,MHC,Thursday,25/07/2019,2.94,metsch,1,10.5,525,0.0056,1.078409581,0.46834733,0.005600029,-5.184988681,-2.251811973
4,51,MHC,Thursday,25/07/2019,7.48,metsch,1,0.5,25,0.2992,2.012232792,0.873901598,0.303854137,-1.206643033,-0.524038411
4,52,MHC,Thursday,25/07/2019,6.03,metsch,1,4,200,0.03015,1.796747011,0.780317312,0.03015457,-3.501570356,-1.520712684
5,1,MLC,Monday,29/07/2019,6.07,metsch,0.1,47.5,2375,0.002555789,1.803358605,0.783188691,0.002555792,-5.969394297,-2.592475003
5,2,NMLC,Monday,29/07/2019,2.67,no metsch,0.1,58,2900,0.00092069,0.982078472,0.426511261,0.00092069,-6.990387169,-3.035886574
5,3,NMLC,Monday,29/07/2019,8.08,no metsch,0.1,4,200,0.0404,2.089391873,0.907411361,0.040410998,-3.208925494,-1.393618635
5,4,NMHC,Monday,29/07/2019,9.95,no metsch,1,2.5,125,0.0796,2.297572551,0.997823081,0.0796843,-2.530741186,-1.099086932
5,5,NMHC,Monday,29/07/2019,4.75,no metsch,1,119,5950,0.000798319,1.558144618,0.67669361,0.000798319,-7.133002291,-3.097823534
5,6,NMHC,Monday,29/07/2019,2.15,no metsch,1,6.5,325,0.006615385,0.765467842,0.33243846,0.006615433,-5.018357282,-2.179444876
5,7,M-C,Monday,29/07/2019,3.74,metsch,0,38,1900,0.001968421,1.319085611,0.572871602,0.001968422,-6.23052358,-2.70588201
5,8,M-C,Monday,29/07/2019,4.97,metsch,0,19.5,975,0.005097436,1.60341984,0.696356389,0.005097458,-5.279017611,-2.292648218
5,9,M-C,Monday,29/07/2019,6.44,metsch,0,14,700,0.0092,1.86252854,0.808885867,0.00920013,-4.688551795,-2.036212173
5,13,NM-C,Monday,29/07/2019,10,no metsch,0,62,3100,0.003225806,2.302585093,1,0.003225812,-5.736572437,-2.491361755
5,14,NM-C,Monday,29/07/2019,4.99,no metsch,0,50.5,2525,0.001976238,1.60743591,0.698100546,0.001976239,-6.226560242,-2.704160754
5,15,NM-C,Monday,29/07/2019,5.23,no metsch,0,18.5,925,0.005654054,1.654411278,0.718501689,0.005654084,-5.175382469,-2.247640048
5,16,MMC,Monday,29/07/2019,2.5,metsch,0.5,30,1500,0.001666667,0.916290732,0.397940009,0.001666668,-6.396929455,-2.778151164
5,17,MMC,Monday,29/07/2019,9.22,metsch,0.5,29.5,1475,0.006250847,2.221375038,0.964730921,0.006250888,-5.075038304,-2.204061131
5,18,MMC,Monday,29/07/2019,7.9,metsch,0.5,11.5,575,0.01373913,2.066862759,0.897627091,0.013739562,-4.287507313,-1.862040767
5,19,NMMC,Monday,29/07/2019,22.27,no metsch,0.5,7.5,375,0.059386667,3.103240481,1.347720217,0.05942163,-2.823685539,-1.226311048
5,20,NMMC,Monday,29/07/2019,2.9,no metsch,0.5,37,1850,0.001567568,1.064710737,0.462397998,0.001567569,-6.458229905,-2.804773611
5,21,NMMC,Monday,29/07/2019,1.26,no metsch,0.5,91,4550,0.000276923,0.231111721,0.100370545,0.000276923,-8.191771069,-3.557640972
5,23,MLC,Monday,29/07/2019,12.39,metsch,0.1,35.5,1775,0.006980282,2.516889696,1.093071306,0.006980339,-4.964665962,-2.156127032
5,24,MLC,Monday,29/07/2019,3.34,metsch,0.1,29,1450,0.002303448,1.205970807,0.523746467,0.00230345,-6.073348148,-2.637621587
5,27,NMMC,Thursday,1/08/2019,1.26,no metsch,0.5,26,1300,0.000969231,0.231111721,0.100370545,0.000969231,-6.939007584,-3.013572704
5,28,NMMC,Thursday,1/08/2019,1.16,no metsch,0.5,37.5,1875,0.000618667,0.148420005,0.064457989,0.000618667,-7.387943394,-3.208543049
5,29,NMMC,Thursday,1/08/2019,1.41,no metsch,0.5,29,1450,0.000972414,0.343589704,0.149219113,0.000972414,-6.935728918,-3.012148797
5,30,MLC,Thursday,1/08/2019,0.95,metsch,0.1,43,2150,0.00044186,-0.051293294,-0.022276395,0.00044186,-7.724517468,-3.354715312
5,31,MLC,Thursday,1/08/2019,6.08,metsch,0.1,23.5,1175,0.005174468,1.805004696,0.783903579,0.005174491,-5.264018747,-2.286134294
5,32,MLC,Thursday,1/08/2019,12.09,metsch,0.1,20.5,1025,0.011795122,2.492378665,1.082426301,0.011795396,-4.440069223,-1.928297563
5,35,NM-C,Thursday,1/08/2019,4.83,no metsch,0,98.5,4925,0.000980711,1.574846468,0.683947131,0.000980711,-6.927232739,-3.008458953
5,36,NM-C,Thursday,1/08/2019,7.33,no metsch,0,57.5,2875,0.002549565,1.991975516,0.865103975,0.002549568,-5.971832523,-2.593533911
5,37,NM-C,Thursday,1/08/2019,4.94,no metsch,0,68,3400,0.001452941,1.597365331,0.693726949,0.001452942,-6.534165501,-2.837752021
5,38,MMC,Thursday,1/08/2019,6.01,metsch,0.5,54,2700,0.002225926,1.793424749,0.778874472,0.002225928,-6.10758227,-2.652489278
5,39,MMC,Thursday,1/08/2019,7.58,metsch,0.5,35,1750,0.004331429,2.0255132,0.879669206,0.004331443,-5.441857768,-2.3633688
5,40,MMC,Thursday,1/08/2019,1.35,metsch,0.5,46,2300,0.000586957,0.300104592,0.130333768,0.000586957,-7.440558995,-3.231393714
5,44,M-C,Thursday,1/08/2019,4.75,metsch,0,35.5,1775,0.002676056,1.558144618,0.67669361,0.002676059,-5.92341121,-2.572504803
5,45,M-C,Thursday,1/08/2019,6.93,metsch,0,39.5,1975,0.003508861,1.935859813,0.840733235,0.003508868,-5.652463796,-2.454833836
5,46,M-C,Thursday,1/08/2019,5.89,metsch,0,25,1250,0.004712,1.773255998,0.770115295,0.004712017,-5.357642833,-2.326794718
5,47,NMLC,Thursday,1/08/2019,1.66,no metsch,0.1,20,1000,0.00166,0.506817602,0.220108088,0.001660001,-6.400937677,-2.779891912
5,48,NMLC,Thursday,1/08/2019,7.07,no metsch,0.1,2.5,125,0.05656,1.95586048,0.849419414,0.0565902,-2.872453257,-1.247490599
5,49,NMLC,Thursday,1/08/2019,7.67,no metsch,0.1,37.5,1875,0.004090667,2.037316615,0.884795364,0.004090678,-5.499047242,-2.388205873
5,50,MHC,Thursday,1/08/2019,1.69,metsch,1,9,450,0.003755556,0.524728529,0.227886705,0.003755565,-5.584518935,-2.425325758
5,51,MHC,Thursday,1/08/2019,7.99,metsch,1,1.5,75,0.106533333,2.07819076,0.902546779,0.106735883,-2.239297357,-0.972514485
5,52,MHC,Thursday,1/08/2019,2.53,metsch,1,54,2700,0.000937037,0.928219303,0.403120521,0.000937037,-6.972787789,-3.02824326
6,1,MLC,Monday,5/08/2019,15.96,metsch,0.1,40.5,2025,0.007881481,2.770085592,1.203032887,0.007881563,-4.843239449,-2.103392167
6,2,NMLC,Monday,5/08/2019,4.07,no metsch,0.1,62.5,3125,0.0013024,1.403642999,0.609594409,0.0013024,-6.643546563,-2.885255612
6,3,NMLC,Monday,5/08/2019,2.22,no metsch,0.1,45,2250,0.000986667,0.797507196,0.346352974,0.000986667,-6.921177961,-3.005829397
6,4,NMHC,Monday,5/08/2019,7.84,no metsch,1,16.5,825,0.00950303,2.059238834,0.894316063,0.009503173,-4.656144584,-2.0221379
6,5,NMHC,Monday,5/08/2019,4.9,no metsch,1,81.5,4075,0.001202454,1.589235205,0.69019608,0.001202454,-6.72339081,-2.919931529
6,6,NMHC,Monday,5/08/2019,2.78,no metsch,1,34,1700,0.001635294,1.022450928,0.444044796,0.001635295,-6.415932674,-2.786404157
6,7,M-C,Monday,5/08/2019,6.4,metsch,0,44,2200,0.002909091,1.85629799,0.806179974,0.002909095,-5.839914618,-2.536242693
6,8,M-C,Monday,5/08/2019,7.53,metsch,0,34.5,1725,0.004365217,2.018895042,0.876794976,0.004365231,-5.434087377,-2.359994162
6,9,M-C,Monday,5/08/2019,5.32,metsch,0,39,1950,0.002728205,1.671473303,0.725911632,0.002728208,-5.904111395,-2.564122999
6,13,NM-C,Monday,5/08/2019,19.23,no metsch,0,45,2250,0.008546667,2.95647156,1.283979284,0.008546771,-4.762213897,-2.068203217
6,14,NM-C,Monday,5/08/2019,24.71,no metsch,0,82,4100,0.006026829,3.20720802,1.392872745,0.006026865,-5.111534277,-2.219911131
6,15,NM-C,Monday,5/08/2019,5.76,no metsch,0,49.5,2475,0.002327273,1.750937475,0.760422483,0.002327275,-6.063058083,-2.633152669
6,16,MMC,Monday,5/08/2019,2.44,metsch,0.5,57.5,2875,0.000848696,0.891998039,0.387389826,0.000848696,-7.071809504,-3.071247845
6,17,MMC,Monday,5/08/2019,7.57,metsch,0.5,38,1900,0.003984211,2.024193067,0.87909588,0.003984222,-5.525415979,-2.39965767
6,18,MMC,Monday,5/08/2019,2.61,metsch,0.5,44.5,2225,0.001173034,0.959350221,0.416640507,0.001173034,-6.748161724,-2.9306894
6,19,NMMC,Monday,5/08/2019,11.92,no metsch,0.5,30,1500,0.007946667,2.478217662,1.076276255,0.007946751,-4.835002684,-2.099814985
6,20,NMMC,Monday,5/08/2019,2.68,no metsch,0.5,66.5,3325,0.000806015,0.985816795,0.428134794,0.000806015,-7.123408205,-3.093656876
6,21,NMMC,Monday,5/08/2019,1.11,no metsch,0.5,72.5,3625,0.000306207,0.104360015,0.045322979,0.000306207,-8.091249214,-3.513984885
6,23,MLC,Monday,5/08/2019,5.85,metsch,0.1,88.5,4425,0.001322034,1.766441661,0.767155866,0.001322034,-6.628583819,-2.878757376
6,24,MLC,Monday,5/08/2019,9.74,metsch,0.1,41,2050,0.00475122,2.276241118,0.988558957,0.004751238,-5.349353852,-2.32319486
6,27,NMMC,Thursday,8/08/2019,3.36,no metsch,0.5,89.5,4475,0.000750838,1.211940974,0.526339277,0.000750838,-7.194320642,-3.124453756
6,28,NMMC,Thursday,8/08/2019,1.62,no metsch,0.5,96,4800,0.0003375,0.482426149,0.209515015,0.0003375,-7.993945048,-3.471726223
6,29,NMMC,Thursday,8/08/2019,1.91,no metsch,0.5,93.5,4675,0.000408556,0.647103242,0.281033367,0.000408556,-7.802881566,-3.388748407
6,30,MLC,Thursday,8/08/2019,2.91,metsch,0.1,51,2550,0.001141176,1.068153081,0.463892989,0.001141176,-6.775695969,-2.942647371
6,31,MLC,Thursday,8/08/2019,7.7,metsch,0.1,59,2950,0.002610169,2.041220329,0.886490725,0.002610172,-5.948340309,-2.583331373
6,32,MLC,Thursday,8/08/2019,7.7,metsch,0.1,21,1050,0.007333333,2.041220329,0.886490725,0.007333399,-4.91532516,-2.134698594
6,35,NM-C,Thursday,8/08/2019,5.69,no metsch,0,36.5,1825,0.003117808,1.738710248,0.755112266,0.003117813,-5.770625088,-2.506150633
6,36,NM-C,Thursday,8/08/2019,11.06,no metsch,0,87.5,4375,0.002528,2.403334996,1.043755127,0.002528003,-5.980326803,-2.59722293
6,37,NM-C,Thursday,8/08/2019,11.06,no metsch,0,63.5,3175,0.003483465,2.403334996,1.043755127,0.003483472,-5.659727791,-2.457988549
6,38,MMC,Thursday,8/08/2019,6.77,metsch,0.5,33.5,1675,0.004041791,1.912501087,0.830588669,0.004041802,-5.511067368,-2.393426147
6,39,MMC,Thursday,8/08/2019,6.55,metsch,0.5,33.5,1675,0.003910448,1.87946505,0.8162413,0.003910458,-5.544103334,-2.407773485
6,40,MMC,Thursday,8/08/2019,3.53,metsch,0.5,106.5,5325,0.000662911,1.261297871,0.547774705,0.000662911,-7.318869815,-3.178544774
6,41,NMHC,Thursday,8/08/2019,27.88,no metsch,1,1,50,0.5576,3.327909586,1.445292769,0.591491799,-0.58411342,-0.253677235
6,43,NMHC,Thursday,8/08/2019,17.26,no metsch,1,1,50,0.3452,2.848391686,1.237040791,0.352451876,-1.06363132,-0.461929213
6,44,M-C,Thursday,8/08/2019,6.99,metsch,0,17.5,875,0.007988571,1.944480556,0.844477176,0.007988656,-4.829743384,-2.097530901
6,45,M-C,Thursday,8/08/2019,7.87,metsch,0,31,1550,0.005077419,2.063058062,0.895974732,0.005077441,-5.282952217,-2.294356996
6,46,M-C,Thursday,8/08/2019,7.6,metsch,0,29.5,1475,0.005152542,2.028148247,0.880813592,0.005152565,-5.268265094,-2.287978459
6,47,NMLC,Thursday,8/08/2019,3.59,no metsch,0.1,35,1750,0.002051429,1.278152203,0.555094449,0.00205143,-6.189218656,-2.687943509
6,48,NMLC,Thursday,8/08/2019,6.3,no metsch,0.1,31,1550,0.004064516,1.840549633,0.799340549,0.004064527,-5.505460608,-2.390991163
6,49,NMLC,Thursday,8/08/2019,2.7,no metsch,0.1,43.5,2175,0.001241379,0.993251773,0.431363764,0.001241379,-6.691532421,-2.906095606
6,50,MHC,Thursday,8/08/2019,1.47,metsch,1,46,2300,0.00063913,0.385262401,0.167317335,0.00063913,-7.355402681,-3.194410797
6,51,MHC,Thursday,8/08/2019,2.55,metsch,1,44.5,2225,0.001146067,0.936093359,0.40654018,0.001146067,-6.771419198,-2.940789992
6,52,MHC,Thursday,8/08/2019,1.29,metsch,1,19,950,0.001357895,0.254642218,0.11058971,0.001357895,-6.601819572,-2.867133811
7,1,MLC,Monday,12/08/2019,25.68,metsch,0.1,1.5,75,0.3424,3.245712479,1.409595019,0.349470115,-1.071775635,-0.465466244
7,2,NMLC,Monday,12/08/2019,7.39,no metsch,0.1,54,2700,0.002737037,2.000127735,0.868644438,0.00273704,-5.900879331,-2.562719332
7,3,NMLC,Monday,12/08/2019,3.28,no metsch,0.1,53.5,2675,0.001226168,1.187843422,0.515873844,0.001226168,-6.70386142,-2.911450022
7,4,NMHC,Monday,12/08/2019,2.96,no metsch,1,49,2450,0.001208163,1.085189268,0.471291711,0.001208163,-6.718654255,-2.917874469
7,5,NMHC,Monday,12/08/2019,2.34,no metsch,1,43.5,2175,0.001075862,0.850150929,0.369215857,0.001075862,-6.834633078,-2.968243432
7,6,NMHC,Monday,12/08/2019,0.83,no metsch,1,38,1900,0.000436842,-0.186329578,-0.080921908,0.000436842,-7.735938984,-3.359675613
7,7,M-C,Monday,12/08/2019,14.53,metsch,0,51,2550,0.005698039,2.676215478,1.162265614,0.00569807,-5.167633198,-2.244274583
7,8,M-C,Monday,12/08/2019,23.7,metsch,0,106.5,5325,0.004450704,3.165475048,1.374748346,0.004450719,-5.414692993,-2.351571288
7,9,M-C,Monday,12/08/2019,13.44,metsch,0,93.5,4675,0.002874866,2.598235335,1.128399269,0.00287487,-5.851749215,-2.541382393
7,11,MHC,Monday,12/08/2019,19.9,metsch,1,0.5,25,0.796,2.990719732,1.298853076,0.920657872,-0.228156093,-0.099086932
7,13,NM-C,Monday,12/08/2019,12.36,no metsch,0,47,2350,0.005259574,2.514465452,1.092018471,0.005259598,-5.247705244,-2.27904943
7,14,NM-C,Monday,12/08/2019,6.08,no metsch,0,32.5,1625,0.003741538,1.805004696,0.783903579,0.003741547,-5.588258522,-2.42694984
7,15,NM-C,Monday,12/08/2019,9.12,no metsch,0,57,2850,0.0032,2.210469804,0.959994838,0.003200005,-5.744604469,-2.494850022
7,16,MMC,Monday,12/08/2019,2.45,metsch,0.5,26.5,1325,0.001849057,0.896088025,0.389166084,0.001849058,-6.2930795,-2.733049701
7,17,MMC,Monday,12/08/2019,1.99,metsch,0.5,22.5,1125,0.001768889,0.688134639,0.298853076,0.00176889,-6.337403613,-2.752299419
7,18,MMC,Monday,12/08/2019,1.09,metsch,0.5,80,4000,0.0002725,0.086177696,0.037426498,0.0002725,-8.207871944,-3.564633493
7,19,NMMC,Monday,12/08/2019,1.98,no metsch,0.5,99.5,4975,0.00039799,0.683096845,0.29666519,0.00039799,-7.829083679,-3.40012784
7,20,NMMC,Monday,12/08/2019,1.69,no metsch,0.5,33,1650,0.001024242,0.524728529,0.227886705,0.001024242,-6.883802452,-2.989597419
7,21,NMMC,Monday,12/08/2019,1.11,no metsch,0.5,25.5,1275,0.000870588,0.104360015,0.045322979,0.000870588,-7.046341713,-3.060187323
7,23,MLC,Monday,12/08/2019,3.34,metsch,0.1,13,650,0.005138462,1.205970807,0.523746467,0.005138485,-5.271001466,-2.289166851
7,24,MLC,Monday,12/08/2019,13.25,metsch,0.1,21.5,1075,0.012325581,2.583997552,1.122215878,0.012325893,-4.39607842,-1.9091926
7,27,NMMC,Thursday,15/08/2019,6.22,no metsch,0.5,71.5,3575,0.00173986,1.827769907,0.793790385,0.001739861,-6.353950629,-2.759485696
7,28,NMMC,Thursday,15/08/2019,1.69,no metsch,0.5,60.5,3025,0.000558678,0.524728529,0.227886705,0.000558678,-7.489937279,-3.25283843
7,29,NMMC,Thursday,15/08/2019,3.8,no metsch,0.5,59,2950,0.001288136,1.335001067,0.579783597,0.001288136,-6.654559067,-2.890038282
7,30,MLC,Thursday,15/08/2019,17.82,metsch,0.1,27.5,1375,0.01296,2.880321422,1.2509077,0.012960363,-4.345887588,-1.887394998
7,31,MLC,Thursday,15/08/2019,22.11,metsch,0.1,15,750,0.02948,3.096029995,1.344588743,0.029484272,-3.524043212,-1.530472521
7,32,MLC,Thursday,15/08/2019,6.45,metsch,0.1,40,2000,0.003225,1.864080131,0.809559715,0.003225006,-5.736822329,-2.491470281
7,35,NM-C,Thursday,15/08/2019,13.32,no metsch,0,39.5,1975,0.006744304,2.589266665,1.124504225,0.006744355,-4.999056982,-2.171062862
7,36,NM-C,Thursday,15/08/2019,21.62,no metsch,0,60,3000,0.007206667,3.073618812,1.33485569,0.007206729,-4.932748709,-2.142265545
7,37,NM-C,Thursday,15/08/2019,28.3,no metsch,0,41.5,2075,0.013638554,3.342861805,1.451786436,0.013638977,-4.294854644,-1.865231672
7,38,MMC,Thursday,15/08/2019,8.14,metsch,0.5,39.5,1975,0.004121519,2.09679018,0.910624405,0.004121531,-5.491533494,-2.384942694
7,39,MMC,Thursday,15/08/2019,7.63,metsch,0.5,58.5,2925,0.002608547,2.032087845,0.882524538,0.00260855,-5.948961918,-2.583601334
7,40,MMC,Thursday,15/08/2019,4.83,metsch,0.5,41.5,2075,0.002327711,1.574846468,0.683947131,0.002327713,-6.062869898,-2.633070941
7,41,NMHC,Thursday,15/08/2019,4.92,no metsch,1,89,4450,0.001105618,1.593308531,0.691965103,0.001105618,-6.807350824,-2.956394899
7,43,NMHC,Thursday,15/08/2019,9.15,no metsch,1,5,250,0.0366,2.213753879,0.961421094,0.036608176,-3.307707039,-1.436518915
7,44,M-C,Thursday,15/08/2019,4.69,metsch,0,21,1050,0.004466667,1.545432582,0.671172843,0.004466682,-5.411112786,-2.350016424
7,45,M-C,Thursday,15/08/2019,10.6,metsch,0,53,2650,0.004,2.360854001,1.025305865,0.004000011,-5.521460918,-2.397940009
7,46,M-C,Thursday,15/08/2019,3.44,metsch,0,21,1050,0.00327619,1.235471471,0.536558443,0.003276196,-5.721074117,-2.48463092
7,47,NMLC,Thursday,15/08/2019,7.94,no metsch,0.1,26,1300,0.006107692,2.071913275,0.899820502,0.00610773,-5.098206319,-2.214122872
7,48,NMLC,Thursday,15/08/2019,3.91,no metsch,0.1,12,600,0.006516667,1.363537374,0.592176757,0.006516713,-5.03339223,-2.185974471
7,49,NMLC,Thursday,15/08/2019,4.49,no metsch,0.1,58.5,2925,0.001535043,1.501852702,0.652246341,0.001535044,-6.479196885,-2.813879454
7,50,MHC,Thursday,15/08/2019,0.79,metsch,1,43,2150,0.000367442,-0.235722334,-0.102372909,0.000367442,-7.908945075,-3.434811204
7,51,MHC,Thursday,15/08/2019,0.5,metsch,1,73,3650,0.000136986,-0.693147181,-0.301029996,0.000136986,-8.895631827,-3.863323816
7,52,MHC,Thursday,15/08/2019,1.82,metsch,1,7,350,0.0052,0.598836501,0.260071388,0.005200023,-5.259096653,-2.283996656
8,2,NMLC,Monday,19/08/2019,13.12,no metsch,0.1,52,2600,0.005046154,2.574137784,1.117933835,0.005046175,-5.28912891,-2.2970395
8,3,NMLC,Monday,19/08/2019,4.55,no metsch,0.1,22,1100,0.004136364,1.515127233,0.658011397,0.004136376,-5.487938138,-2.38338125
8,4,NMHC,Monday,19/08/2019,2.77,no metsch,1,27,1350,0.002051852,1.01884732,0.442479769,0.002051853,-6.189012479,-2.687853968
8,5,NMHC,Monday,19/08/2019,0.7,no metsch,1,65,3250,0.000215385,-0.356674944,-0.15490196,0.000215385,-8.443083434,-3.666784545
8,6,NMHC,Monday,19/08/2019,0.72,no metsch,1,59,2950,0.000244068,-0.328504067,-0.142667504,0.000244068,-8.318063683,-3.612489158
8,7,M-C,Monday,19/08/2019,16.58,metsch,0,34.5,1725,0.009611594,2.80819715,1.219584526,0.009611742,-4.644785201,-2.017204582
8,8,M-C,Monday,19/08/2019,24.86,metsch,0,33,1650,0.015066667,3.213260086,1.395501124,0.015067237,-4.195270459,-1.82198281
8,9,M-C,Monday,19/08/2019,18.47,metsch,0,10,500,0.03694,2.916147794,1.266466895,0.036948406,-3.298460304,-1.432503109
8,13,NM-C,Monday,19/08/2019,14.57,no metsch,0,74,3700,0.003937838,2.67896462,1.163459552,0.003937848,-5.537123437,-2.404742154
8,14,NM-C,Monday,19/08/2019,5.37,no metsch,0,40,2000,0.002685,1.680827909,0.729974286,0.002685003,-5.920074551,-2.57105571
8,15,NM-C,Monday,19/08/2019,12.87,no metsch,0,35,1750,0.007354286,2.554899022,1.109578547,0.007354352,-4.912472006,-2.133459485
8,16,MMC,Monday,19/08/2019,2.28,metsch,0.5,28.5,1425,0.0016,0.824175443,0.357934847,0.001600001,-6.43775165,-2.795880017
8,17,MMC,Monday,19/08/2019,1.02,metsch,0.5,39,1950,0.000523077,0.019802627,0.008600172,0.000523077,-7.555781877,-3.281434376
8,18,MMC,Monday,19/08/2019,1.2,metsch,0.5,64,3200,0.000375,0.182321557,0.079181246,0.000375,-7.888584532,-3.425968732
8,19,NMMC,Monday,19/08/2019,1.1,no metsch,0.5,91.5,4575,0.000240437,0.09531018,0.041392685,0.000240437,-8.333052457,-3.618998699
8,20,NMMC,Monday,19/08/2019,1.27,no metsch,0.5,52.5,2625,0.00048381,0.2390169,0.103803721,0.00048381,-7.63381829,-3.315325159
8,21,NMMC,Monday,19/08/2019,1.75,no metsch,0.5,45,2250,0.000777778,0.559615788,0.243038049,0.000777778,-7.159069422,-3.109144345
8,23,MLC,Monday,19/08/2019,13.79,metsch,0.1,41,2050,0.006726829,2.623943692,1.139564266,0.00672688,-5.00165142,-2.172189612
8,24,MLC,Monday,19/08/2019,8.9,metsch,0.1,60.5,3025,0.002942149,2.186051277,0.949390007,0.002942153,-5.828615012,-2.531335337
8,27,NMMC,Thursday,22/08/2019,29.38,no metsch,0.5,25.5,1275,0.023043137,3.380314171,1.468051791,0.023045177,-3.770387298,-1.637458398
8,28,NMMC,Thursday,22/08/2019,3.72,no metsch,0.5,57.5,2875,0.001293913,1.313723668,0.57054294,0.001293913,-6.650084319,-2.888094924
8,29,NMMC,Thursday,22/08/2019,18.7,no metsch,0.5,63.5,3175,0.005889764,2.928523524,1.271841607,0.005889798,-5.13453935,-2.229902107
8,30,MLC,Thursday,22/08/2019,33.18,metsch,0.1,76.5,3825,0.00867451,3.501947285,1.520876382,0.008674619,-4.747366439,-2.061755048
8,31,MLC,Thursday,22/08/2019,23,metsch,0.1,51,2550,0.009019608,3.135494216,1.361727836,0.00901973,-4.708354405,-2.044812337
8,32,MLC,Thursday,22/08/2019,14.66,metsch,0.1,50.5,2525,0.005805941,2.685122696,1.16613397,0.005805974,-5.148873575,-2.236127382
8,35,NM-C,Thursday,22/08/2019,51.18,no metsch,0,71.5,3575,0.014316084,3.935348831,1.709100282,0.014316573,-4.246371619,-1.844175762
8,36,NM-C,Thursday,22/08/2019,62.13,no metsch,0,16.5,825,0.075309091,4.129228964,1.793301354,0.075380459,-2.586154421,-1.123152594
8,37,NM-C,Thursday,22/08/2019,48.26,no metsch,0,25,1250,0.038608,3.87660306,1.683587318,0.038617598,-3.25429577,-1.413322695
8,38,MMC,Thursday,22/08/2019,10.01,metsch,0.5,54.5,2725,0.003673394,2.303584593,1.000434077,0.003673402,-5.606639249,-2.434932488
8,39,MMC,Thursday,22/08/2019,9.2,metsch,0.5,33.5,1675,0.005492537,2.219203484,0.963787827,0.005492565,-5.204365017,-2.260227009
8,40,MMC,Thursday,22/08/2019,13.31,metsch,0.5,80.5,4025,0.003306832,2.588515632,1.124178055,0.003306838,-5.711764648,-2.480587868
8,41,NMHC,Thursday,22/08/2019,0.88,no metsch,1,131.5,6575,0.00013384,-0.127833372,-0.055517328,0.00013384,-8.918865501,-3.873414072
8,43,NMHC,Thursday,22/08/2019,1.19,no metsch,1,71.5,3575,0.000332867,0.173953307,0.075546961,0.000332867,-8.007767547,-3.477729258
8,44,M-C,Thursday,22/08/2019,8.67,metsch,0,28,1400,0.006192857,2.159868791,0.938019097,0.006192897,-5.084358748,-2.208108948
8,45,M-C,Thursday,22/08/2019,12.77,metsch,0,54,2700,0.00472963,2.54709867,1.106190897,0.004729648,-5.353908304,-2.325172833
8,46,M-C,Thursday,22/08/2019,4.2,metsch,0,21.5,1075,0.003906977,1.435084525,0.62324929,0.003906987,-5.54499135,-2.408159145
8,47,NMLC,Thursday,22/08/2019,7.69,no metsch,0.1,47.5,2375,0.003237895,2.039920784,0.88592634,0.003237901,-5.732831852,-2.489737239
8,48,NMLC,Thursday,22/08/2019,23.62,no metsch,0.1,12,600,0.039366667,3.162093811,1.373279893,0.039376842,-3.234835836,-1.404871353
8,49,NMLC,Thursday,22/08/2019,3.22,no metsch,0.1,34,1700,0.001894118,1.16938136,0.507855872,0.001894119,-6.269001984,-2.722592969
8,50,MHC,Thursday,22/08/2019,1.14,metsch,1,62.5,3125,0.0003648,0.131028262,0.056904851,0.0003648,-7.9161613,-3.43794517
8,51,MHC,Thursday,22/08/2019,0.7,metsch,1,21.5,1075,0.000651163,-0.356674944,-0.15490196,0.000651163,-7.336750563,-3.186310285
8,52,MHC,Thursday,22/08/2019,2.17,metsch,1,56.5,2825,0.000768142,0.774727168,0.336459734,0.000768142,-7.171535946,-3.114558488
